#File,SHA-256
annotations-26.0.2.jar,2037be378980d3ba9333e97955f3b2cde392aa124d04ca73ce2eee6657199297
auto-common-1.2.1.jar,f43f29fe2a6ebaf04b2598cdeec32a4e346d49a9404e990f5fc19c19f3a28d0e
auto-service-1.1.1.jar,1f48f451503e623daba7d9ed368cca0f81e1e3815653a4560113e12c0129ebd5
auto-service-annotations-1.1.1.jar,16a76dd00a2650568447f5d6e3a9e2c809d9a42367d56b45215cfb89731f4d24
checker-qual-3.42.0.jar,ccaedd33af0b7894d9f2f3b644f4d19e43928e32902e61ac4d10777830f5aac7
error_prone_annotations-2.28.0.jar,f3fc8a3a0a4020706a373b00e7f57c2512dd26d1f83d28c7d38768f8682b231e
failureaccess-1.0.2.jar,8a8f81cf9b359e3f6dfa691a1e776985c061ef2f223c9b2c80753e1b458e8064
guava-33.1.0-jre.jar,346aec0eb8c8987360c8a264e70ff10c2fba760446eb27e8ab07e78e787a75fe
j2objc-annotations-3.0.0.jar,88241573467ddca44ffd4d74aa04c2bbfd11bf7c17e0c342c94c9de7a70a7c64
jspecify-1.0.0.jar,1fad6e6be7557781e4d33729d49ae1cdc8fdda6fe477bb0cc68ce351eafdfbab
jsr305-3.0.2.jar,766ad2a0783f2687962c8ad74ceecc38a28b9f72a2d085ee438b7813e928d0c7
listenablefuture-9999.0-empty-to-avoid-conflict-with-guava.jar,b372a037d4230aa57fbeffdef30fd6123f9c0c2db85d0aced00c91b974f33f99
slf4j-api-2.0.17.jar,7b751d952061954d5abfed7181c1f645d336091b679891591d63329c622eb832
